countries,Livestock_prior,Waste_prior,OG_prior,Rice_prior,Coal_prior,Reservoirs_prior,OtherAnth_prior,BiomassBurn_prior,Wetlands_prior,Termites_prior,Seeps_prior,AnthroTotal_prior,Total_prior,UNFCCC_total_prior,Livestock_post,Waste_post,OG_post,Rice_post,Coal_post,Reservoirs_post,OtherAnth_post,BiomassBurn_post,Wetlands_post,Termites_post,Seeps_post,AnthroTotal_post,Total_post,UNFCCC_total_post,A
Afghanistan,0.4539716296685495,0.004997222694013305,0.01001403544369516,0.0,8.463538874320918e-05,0.011552030205682327,0.013361875694372142,2.607940115985868e-05,0.003537896956205858,0.05072858860805101,0.000502958775623357,0.49398142909505566,0.5487769528360957,0.4824293988893733,0.6002384505472264,0.005985842783176969,0.016520884887278504,0.0,5.5504923131974415e-05,0.0063988466311192755,0.015644900365584784,3.0816518891833e-05,0.007708659719323187,0.08166826190375293,0.0011567061348286692,0.6448444301375178,0.7354088744143145,0.6384455835063986,0.5775414608531649
Albania,0.05374578765811518,0.03497718617301725,0.00081250263811791,0.0,8.463901992671035e-05,0.015714401385650438,0.003331185665373239,0.00045397779608383714,0.022677863115622393,0.0017653079577901463,0.00259295810220298,0.10866570254020072,0.13615580951190007,0.09295130115455029,0.025907950162048762,0.01858993166293528,0.00032720348219700284,0.0,4.809928617656154e-05,0.008868852819300416,0.0017163943867629634,0.0001875427982677264,0.01085896158823854,0.0007054646588940805,0.0009875585709635377,0.05545843179942099,0.06819795941578488,0.046589578980120575,0.3803154516573068
Algeria,0.1976150758520298,0.38573626418016477,1.0064772771971098,0.0,0.0,0.0036181529696480757,0.017660215225426504,0.0020122409695840747,0.03673801214841556,0.038953596031584735,0.005823182716624319,1.6111069854243791,1.6946340172905878,1.607488832454731,0.13905678527825596,0.45040425626029323,1.1409526675007415,0.0,0.0,0.004140832105856667,0.021208828468400037,0.0018209019643377798,0.020034315553326226,0.03066813079747805,0.007527701666966142,1.7557633696135475,1.8158144195956558,1.7516225375076908,0.6912147585128575
Angola,0.43580405890241797,0.041114018244125694,0.7928193095277553,0.00033434190189117035,0.0,0.10614614546707636,0.06960432380530407,1.0311198305905747,0.543775863211168,0.2062463149806381,0.0003081757538842513,1.4458221978485706,3.227272382384836,1.3396760523814941,0.31832770465746935,0.015756678627695146,0.22448514881257242,9.174798153367582e-05,0.0,0.059842318094645304,0.032168915835856966,0.6321176628547425,0.41404184209733547,0.12261671361956492,0.00014076186982502732,0.6506725140097729,1.8195894944512407,0.5908301959151275,0.5984157645788675
Argentina,2.724768627927025,0.7342565964104708,0.3471492466030557,0.017651364555814453,0.0002620088984813356,0.307535444320218,0.10152155253829269,0.08091750251351097,1.9065700996180872,0.1885534038184011,0.013557855270425745,4.233144841253357,6.422743702473782,3.92560939693314,3.53258748286638,1.2468134521654133,0.48957490404789517,0.015963002284042214,0.0002582208504705331,0.24200566529949497,0.14162330532732792,0.12637752868504443,1.8297114091591935,0.2575950112988849,0.01851559754795547,5.668826032841025,7.901025579532104,5.42682036754153,0.6358547141141708
Armenia,0.044222341415044324,0.02666631927618085,0.03708463714772685,0.0,0.0,0.00019618383138378143,0.003580752161120003,0.00022110594472929006,0.000633669430647595,0.002053257462709443,0.002226820834259167,0.11175023383145581,0.1168850875038013,0.11155405000007203,0.0341588767495276,0.03549735395852055,0.039491821897167795,0.0,0.0,0.00014052066784268322,0.004224477338370737,0.00016961878984009,0.00046501837324058534,0.001542269172125601,0.001666132037269969,0.11351305061142937,0.11735608898390562,0.11337252994358668,0.2540070364260638
Australia,2.627496698801077,0.01078150822043961,0.2839127307471117,0.0,1.0069951969894715,0.07242897234666137,0.06049440419537096,0.8816760773225601,1.566655327638844,0.8134097646219758,0.021461055111848735,4.0621095113001315,7.34531173599536,3.98968053895347,3.7017872274584684,0.01721888612302623,0.7167022843130466,0.0,0.9010117131819864,0.1419745272561413,0.1834182668350018,2.546508316708279,5.831737264395351,1.8895027462354308,0.049875086441490475,5.66211290516767,15.979736318948223,5.520138377911529,0.7653429920638845
Austria,0.17195884820143004,0.035088032938922833,0.010151586244820538,0.0,0.0,0.03448715112986901,0.03611977609688169,0.00016056905629375267,0.01863397347112708,0.005856536011417668,0.00765845466015471,0.2878053946119241,0.3201149278109173,0.2533182434820551,0.3201804919152209,0.055462660516052344,0.01403717247888794,0.0,0.0,0.05504738125660453,0.054712296416599485,0.00021207279007464945,0.0325071494076216,0.009820404056128917,0.012005951875461216,0.4994400025833652,0.5539855807126515,0.44439262132676066,0.387065645448312
Azerbaijan,0.19377869958859556,0.03207533044168836,0.4419535166419051,0.0,0.0,0.04858509631936555,0.0057798622628535065,0.0008005280515865389,0.002030448936384216,0.007171726236431326,0.11929458837240926,0.7221725052544081,0.8514697968512196,0.6735874089350425,0.26861417678241345,0.04494177847670213,0.7852275466822974,0.0,0.0,0.0520984930113178,0.007602234223822445,0.0015921751889785007,0.002842850251526942,0.007797217064472344,0.19191175993976928,1.1584842291765531,1.3626282316213003,1.1063857361652354,0.6149022514775122
Bangladesh,0.8443430505122324,0.6410823008942038,0.06238428392316954,0.3843996553907034,0.011787047985785283,0.04921979275255712,0.15475308129962054,0.006388800375980995,4.497668729841876,0.018197353784057263,0.0008419671765076062,2.147969212758272,6.671066063936693,2.0987494200057153,0.8483090638140122,1.1910011430685667,0.07459534473989969,2.6779853963631854,0.014783187643613275,0.030459927220777044,0.20159449479257868,0.005256929348728823,3.7271902967613277,0.015363291439102773,0.0007583830630524788,5.038728557642632,8.787297458254844,5.008268630421855,0.9445358229070496
Belarus,0.3572534226126879,0.23050697803472234,0.11542544490158035,0.0,0.0,0.0,0.023014858580503696,0.000688902355603962,0.18465559644978138,0.01500290443396113,0.0003936124954856303,0.7262007041294942,0.9269417198643263,0.7262007041294942,0.25073558228880083,0.3530140884139428,0.1657436774796216,0.0,0.0,0.0,0.03445138611830763,0.0012729350087312369,0.4229967765719632,0.026640038027716754,0.0005259991938786015,0.8039447343006729,1.2553804831029627,0.8039447343006729,0.7805515171276319
Belgium,0.20666784240288918,0.031200515987892204,0.01796850960501296,0.0,0.0,0.0002630015840776825,0.036401874240886596,3.717180565799054e-05,0.014734466495885229,0.002822912790748232,0.00014519409625652556,0.2925017438207586,0.3102414890093066,0.29223874223668095,0.40223129557196363,0.05278852645882175,0.032678106003943615,0.0,0.0,0.0008360601652522603,0.06317180579955285,5.558960580750657e-05,0.027998988207804446,0.005618921829585976,0.00022860257597642278,0.5517057939995341,0.5856078962187086,0.5508697338342818,
Belize,0.005171630235053159,0.006951406092149446,0.00047306780083951474,0.0006873815997375763,0.0,0.0006387340045268677,0.0011757901707975015,0.00013111516155959633,0.04604191974823001,0.0059526018271111635,0.00017743186268336813,0.015098009903104066,0.06740107850268821,0.0144592758985772,0.01529125458705319,0.019552242575849324,0.0014006575524304614,0.0019951467298535423,0.0,0.001891210617873082,0.0032736463326941676,0.0003531980983467959,0.12798414814206927,0.010871810257568795,0.00037841691572902713,0.04340415839575377,0.18299173180946765,0.041512947777880685,0.4100800034382353
Benin,0.1341595506488813,0.026898580867222785,0.00022579307642573625,0.0716396086203065,0.0,0.0,0.027633881448460136,0.011558032025665441,0.11176369644436696,0.02339551413746815,0.0,0.26055741466129645,0.407274657268797,0.26055741466129645,0.08808430142572993,0.01968797698174123,0.00015735170122717492,0.03244128040134903,0.0,0.0,0.01945839440420676,0.0081872955757894,0.07826952665689024,0.013726679341894666,0.0,0.15982930491425412,0.2600128064888284,0.15982930491425412,0.0972424614001767
Bhutan,0.018060225988919026,0.005847726400955512,0.0001922268468501302,0.0025254023687925637,0.00011209027061557855,0.0,0.01218874518721343,0.0014900485791092281,0.056084381159707326,0.005602375266061802,0.0,0.03892641706334624,0.1021032220682246,0.03892641706334624,0.03634570045249638,0.011768386078207935,0.0003868511611554262,0.005082301742762034,0.00022557853937889296,0.0,0.024529509306144746,0.0029986811543332944,0.11286825087045115,0.011274623770914646,0.0,0.07833832728014542,0.20547988307584453,0.07833832728014542,0.2388319373130801
Bolivia,0.4495833324267388,0.07396339525811998,0.06101003763079628,0.018221807214747143,0.0,0.0001928818496427543,0.012453625942789917,0.8218946032202951,7.562253501013491,0.18640038279202178,0.00998575131236548,0.6154250803228348,9.195959318661007,0.6152321984731921,0.26827569811709834,0.0834073263341341,0.09701284600344623,0.057114029746334866,0.0,0.00017925586961354683,0.016013436132322364,0.4023845650065521,3.6277618081434833,0.33038468503850293,0.04440524975573003,0.5220025922029494,4.926938900147218,0.5218233363333359,0.8076736451044402
Bosnia and Herzegovina,0.042983824998283356,0.04498221245899828,0.0002801653139655333,0.0,0.029033645005526635,0.014007955167663204,0.014559497694039676,0.00029881440829755056,0.007859906977421309,0.0029978295018847304,0.0009358869230257272,0.14584730063847665,0.15793973844910597,0.13183934547081347,0.014173162854810906,0.015170119534650878,9.42092803748306e-05,0.0,0.011137891934755536,0.003904909119892602,0.005012702471556276,9.24863914644691e-05,0.002141546353354021,0.0009841839123116926,0.0003132386264330724,0.04949299519604102,0.053024450479604274,0.04558808607614842,0.3108494832625009
Botswana,0.07565159339315332,0.03152651781909797,0.0005542841484680782,0.0,0.025272706897548992,0.0,0.0068775057270999,0.08826822191921982,0.20431589586079543,0.11615932392420056,0.0,0.13988260798536828,0.5486260496895841,0.13988260798536828,0.04519743266686716,0.019680748018530106,0.0003377575009269812,0.0,0.015355914864676346,0.0,0.004206080293876553,0.042871079051712765,0.11405178929041253,0.0657838959882233,0.0,0.08477793334487714,0.30748469767522574,0.08477793334487714,0.2549999401907016
Brazil,12.448871996047423,2.889469938941559,0.1894870904218663,0.4645827477966472,0.04519995144156084,4.424255159982669,0.6905675871557839,1.3815858522821622,43.99852125108406,1.4185080889129427,0.0028024280187983635,21.152434471787508,67.95385209208547,16.72817931180484,10.774749172672983,4.792496811217375,0.17351600074031512,0.5542912971237638,0.05667543823414332,4.253096354209441,1.1854535489987477,1.922832203274303,35.3021284074796,2.463884117714345,0.003092799146977505,21.79027862319677,61.48221615081199,17.53718226898733,0.9451652162207632
Brunei,0.0006524360123420971,0.013945985473410737,0.10695927918613266,0.0,0.0,0.0,0.0008488451887255909,0.00017979658975707252,0.005191628444115781,0.0021919974224031947,0.0037986339396356246,0.12240654586061107,0.13376860225652273,0.12240654586061107,0.0007849385806214296,0.01677826152417581,0.12868153075620326,0.0,0.0,0.0,0.001011384447394259,0.00021631129688544926,0.006245991001338758,0.001262807050628829,0.004570094655220475,0.14725611530839475,0.1595513193124683,0.14725611530839475,0.0574129127848445
Bulgaria,0.0743189807025762,0.09665862100606123,0.01122041979529637,0.004318331700693755,0.02689400414084336,0.0057734984167208455,0.07790678050710978,0.0024303865476694047,0.0112614515221117,0.006451719608275872,0.01076173817897036,0.29709063626930154,0.32799593212632894,0.29131713785258073,0.1082163697500568,0.1190659037769084,0.01594056594992602,0.007784107645943715,0.04285414961325496,0.009383691337151088,0.09291695508606845,0.003925511541721741,0.016776719125706118,0.009018995896511766,0.015775901042409522,0.39616174315930947,0.4416588707656586,0.38677805182215835,0.4260287336854715
Burkina Faso,0.5310544567148096,0.07822332180695873,0.0001196179087689007,0.0,0.0,0.022158099015705184,0.07790421988989582,0.0157290169520948,0.29734717562243956,0.05495670010796273,0.0,0.7094597153361382,1.0774926080186353,0.687301616320433,0.3170314600858407,0.0420068870075275,7.51705403681332e-05,0.0,0.0,0.01239708944016693,0.04453361367588585,0.010615594881239669,0.17597721574949055,0.03405838482384271,0.0,0.4160442207497892,0.6366954162043621,0.40364713130962226,0.3407424133349302
Burundi,0.046050004927524084,0.0005096027345312241,7.637724592997916e-06,0.005209037346757571,0.0,0.0,0.043859330303350104,0.0011309023236557281,0.04985230352086351,0.004455695234460112,4.95661404650674e-05,0.09563561303675598,0.1511240802562004,0.09563561303675598,0.04979272067744082,0.0004705489053600821,9.977263973075863e-06,0.004936977792657339,0.0,0.0,0.04821692192652188,0.0013494421400612893,0.050961318395302095,0.004919447449249211,4.321975384701629e-05,0.1034271465659532,0.1607005743044128,0.1034271465659532,0.0760949369252294
Cambodia,0.18679286264255124,0.010242138995204512,0.026134617900399944,0.6836292224249513,0.00034151353174084655,0.11189068498165375,0.053711330279873175,0.17039591523213665,1.161110433555818,0.024132553647892834,0.0007440154576029221,1.0727423707563746,2.4291252886498245,0.960851685774721,0.3153818211320749,0.014614521826535413,0.037701438605770764,1.4756927540152087,0.0003971831638524302,0.06877255308783642,0.08847910912917485,0.2177178322904461,1.8866978015378455,0.02985093398928691,0.0008973318404962969,2.001039380960454,4.1362032806185285,1.9322668278726172,0.3721468558728434
Cameroon,0.29489021089934236,0.0800004322658321,0.0899601478014464,0.016111274977975425,0.0,0.07972685928130692,0.0803663285587739,0.1506771346133085,0.454462451975043,0.07405830146491434,0.0005948538005088908,0.6410552537846771,1.3208479956384518,0.5613283945033702,0.702650658681828,0.09531615723953704,0.054448531227468296,0.019166654355282312,0.0,0.08949960930605017,0.12722908220010332,0.2861689319615411,0.6359063644437489,0.16430733318500937,0.0009164133194469051,1.088310693010269,2.1756097359200153,0.9988110837042189,0.1747425532974271
Canada,1.2003140882365508,0.7644835139363343,1.4850331590554653,2.687130302914653e-06,0.04814597178581527,3.1552131906019025,0.05326987007582441,0.01697899156882136,14.493242523046355,0.3065879863492948,0.05977828819973109,6.7064624808221955,21.583050269986398,3.551249290220293,1.335386074067406,0.8519208147178208,1.3829645831082786,7.61251493197732e-07,0.032367014875857344,1.9091988650647007,0.05051049571101256,0.0128585786093926,9.4822217524467,0.34909145879219183,0.05019936661731275,5.56234860879657,15.456719765262168,3.653149743731869,0.8364195750008976
Central African Republic,0.10364197661007284,0.02022009128708366,0.0011242141479162234,1.0711314869507393e-05,0.0,0.0,0.01192430332710449,0.41977230455351733,0.9406865438558744,0.12567271295712193,8.46992625320703e-06,0.1369212966870467,1.6230613279798136,0.1369212966870467,0.12044442918162403,0.026920719545640622,0.001397770493024221,8.923272133569012e-06,0.0,0.0,0.013932104803285736,0.3283625781965424,0.5998586167481843,0.11468356072027364,3.1896815781746176e-06,0.16270394729570817,1.2056118926422867,0.16270394729570817,0.4092809789001446
Chad,0.46445338814023923,0.005011208609868126,0.07486944985045645,0.0036406667807172043,0.0,0.0,0.04702224813955289,0.08063057704167435,2.1096542733046073,0.16209954804479929,0.0008721389359609937,0.5949969615208339,2.948253498847876,0.5949969615208339,1.430193473163918,0.004967996132358477,0.07844741007028942,0.0016225630835567356,0.0,0.0,0.08921506415102877,0.05108935664084759,1.4576484123756004,0.5616432552871496,0.0008834349765073622,1.6044465066011515,3.6757109658812563,1.6044465066011515,0.6843530121219303
Chile,0.2304775699849109,0.288786699939583,0.036970585574901134,0.007737297098931909,0.0003365017653137348,0.02844855721197562,0.04020117509786532,0.09328151224367838,0.8380074298583637,0.08757246065271022,0.009125269547340482,0.6329583866734817,1.6609450589755745,0.6045098294615061,0.09532188752771574,0.17914901739939076,0.02582582143145944,0.0055982492415837005,0.0003007962006831476,0.013618983569094861,0.025512114617819284,0.04163859112744439,0.6005111385323272,0.044852742079621796,0.006436419919064095,0.3453268699877469,1.0387657616462045,0.33170788641865206,0.3769765838325758
China,13.021686883201093,6.642933672070988,1.2051963930486014,8.887857919320435,21.162468460904787,3.140566632667268,4.302593379355065,0.18688273481725803,4.450085786714415,0.699083063304458,0.05522925479174931,58.36330334056824,63.75458418019612,55.22273670790097,12.080447084733342,8.630240670187604,3.366444070391795,10.013735585275622,14.000304983583396,4.116685210160752,6.323432934809541,0.2656611149057842,8.278368137205026,1.5456713364168781,0.15200373723485716,58.53129053914205,68.77299486490459,54.414605328981295,0.9880656561163644
Colombia,1.5780420705013336,0.7022433114079826,0.25007476873008055,0.0,0.20200176989265167,0.12490191425842473,0.06450242040064276,0.04515023608892444,4.717754332966988,0.18730613723185563,0.01843900565385926,2.921766255191116,7.890415967132744,2.796864340932691,2.4885592663510105,1.6943290461016578,1.0069708751939002,0.0,0.3167508013728391,0.14093583580048452,0.16521441719700625,0.14584725934861065,5.0107669227946845,0.42999831772894204,0.06751692346263405,5.812760242016899,11.466889665351768,5.671824406216414,0.5906845530395244
Congo,0.028108528144759923,0.005009823144587132,0.012635449768609452,0.0,0.0,0.016215593221484133,0.007692996812425127,0.0625698139410625,4.544967959770287,0.054068387573388145,1.9046888190474517e-05,0.06966239109186577,4.731287599264794,0.05344679787038164,0.0161161150566614,0.0037591227778984468,0.007493192432089174,0.0,0.0,0.007456821345181134,0.005302941831850314,0.0349388042346732,3.1714650843574677,0.04080872280223116,1.3426012696649196e-05,0.040128193443680474,3.2873542308507493,0.03267137209849934,0.6224360926838146
Costa Rica,0.08949508669671755,0.06297539641699804,1.0164093674634885e-05,0.011149258635587866,0.0,0.004866559777042657,0.004264722680790536,0.0023063971362675324,0.17876812371130432,0.008165240246377561,0.002918625555757751,0.17276118830081125,0.3649195749505184,0.1678946285237686,0.09817407171103933,0.06939023276577339,1.1226251112876982e-05,0.012338909580110967,0.0,0.00537514629628486,0.004507520804331244,0.0025462258140961963,0.19167984238449767,0.002885434648919551,0.0025666456787108785,0.18979710740865266,0.389475255934877,0.1844219611123678,0.1948302640002275
Croatia,0.05366487570209172,0.06429608312901644,0.00792210533894999,0.0,0.0,0.00542254673127466,0.015043267811340817,0.00017990610949675958,0.0458558673108684,0.005882913183610984,0.0031503229986644438,0.14634887871267363,0.2014178883153142,0.14092633198139898,0.035151250685923875,0.035455572625554044,0.005582137996619627,0.0,0.0,0.0025350269505795817,0.008372218459140062,0.00012364385583021057,0.019965044733475223,0.003005870103009003,0.0019776500936690695,0.08709620671781718,0.11216841550380068,0.0845611797672376,
Cuba,0.17759914574555924,0.09625599239767593,0.09401882775232188,0.011898440818271535,0.0,0.0,0.008972287455139182,0.011491209231101349,0.237831924731141,0.005503329003692602,0.002106341885765889,0.38874469416896773,0.6456774990206685,0.38874469416896773,0.09849427146650228,0.04745190150170516,0.026953799052831816,0.0060888926484262244,0.0,0.0,0.0043903276291943115,0.005664018388928558,0.10710601433049073,0.001253662833659599,0.000687137494634272,0.1833791922986598,0.2980900253463729,0.1833791922986598,0.3167728126062769
Czechia,0.14337185907133615,0.1912545877481296,0.02447599057324393,0.0,0.06900180011547041,0.010085217484237194,0.053836509158843,0.00024549132737167884,0.01603439285030757,0.006679099172416986,0.0031997551243116247,0.4920259641512603,0.5181847026256681,0.48194074666702313,0.22358021698117259,0.26851837992262184,0.031881104023834615,0.0,0.11685359455735164,0.01552119734826199,0.06863429014362728,0.00044069910052889095,0.023285833529656363,0.010824930215644879,0.004606432325167379,0.72498878297687,0.7641466781478675,0.709467585628608,0.390282575957505
Ivory Coast,0.06271926471475843,0.08234049966578552,0.8132302072231432,0.11946097220745343,0.0,0.10528680961805291,0.06740071602037095,0.02841155894205623,0.15508143440467728,0.047588465822947026,1.8866122926267997e-06,1.2504384694495643,1.4815218152315375,1.1451516598315115,0.07168514669951712,0.06236823483425072,0.31043971745012733,0.11590368122276067,0.0,0.26166992155240815,0.07633240362382311,0.040223588855414535,0.1912108308921275,0.05411950586092341,1.7180562081545887e-06,0.898399105382887,1.1839547490475606,0.6367291838304789,0.5166894194056285
Democratic Republic of the Congo,0.14679447609658125,5.840609338000533,0.07413578015194879,0.02036315431246638,0.0,0.029250068985808616,0.24144648462840804,1.4258757619042601,7.211814143250046,0.38770669696956267,0.0012406822216297114,6.352599302175746,15.379236586521245,6.323349233189938,0.10954929857909784,1.8830790699193132,0.020533019481928674,0.007186298680900801,0.0,0.01171013299743224,0.17898772430698112,1.1726569591836886,5.696591874036141,0.4426973062346057,0.000972096925996364,2.211045543965654,9.523963780346087,2.1993354109682217,0.944818953829714
Denmark,0.26396623778641964,0.04041267172987687,0.0022686674724965096,0.0,0.0,0.00011285111690727475,0.021782085119020942,5.934809426071419e-05,0.14807033106836612,0.006467490725147016,0.0007410438663190176,0.3285425132247213,0.4838807269788142,0.328429662107814,0.37029702664998126,0.043056211282443344,0.0023244975300234427,0.0,0.0,0.00011285111690727475,0.022404059471911323,6.706788888664541e-05,0.16669496986127436,0.005934458066005478,0.0007640882525681891,0.4381946460512667,0.6116552301200014,0.4380817949343594,0.103471508970396
Djibouti,0.010882405983084872,0.007728761568206757,4.260944241991829e-08,0.0,0.0,0.0,0.002310697452996508,1.1343882979532531e-05,0.0005234911256117991,0.0025369569057392873,0.0011825775862612379,0.020921907613730556,0.025176277114322416,0.020921907613730556,0.13354370820787495,0.09482305417229099,5.22882803147617e-07,0.0,0.0,0.0,0.028299823204322547,0.0001392067343304111,0.006424034008359684,0.02814674427371882,0.014512029449950377,0.2566671084672916,0.30588912293365095,0.2566671084672916,0.0294598937034603
Dominican Republic,0.2029799560366893,0.20559497405480615,0.0019244430904177866,0.018436822554270482,0.0,0.0005576504382848108,0.011191261630969049,0.00068173033233564,0.03995523603703942,0.00878298374223587,0.0005005537291189095,0.4406851078054376,0.49060561164616745,0.4401274573671528,0.23189144843360773,0.26155226220252814,0.0024489749769730502,0.022238293130891696,0.0,0.0006069196577412361,0.013890320084560386,0.0008347663127191234,0.051869807690559835,0.004124324115943052,0.0005366036966759784,0.5326282184863023,0.5899937203022003,0.532021298828561,0.6811827353664099
Ecuador,0.3924543479217395,0.09366529008865154,0.03614208693015686,0.017289580231442097,0.0,0.003174546820926453,0.012285231891605212,0.002121333629944565,1.1932637682712641,0.037327848446969944,0.0043389294296170755,0.5550110838845217,1.7920629636623173,0.5518365370635953,0.5453685930496295,0.1171541175469539,0.034108955902716516,0.02903706086731505,0.0,0.003317118439031338,0.017237882797046807,0.002944819440457711,1.1923510471541992,0.036892232394378145,0.004462966241578059,0.7462237286026933,1.9828747938333062,0.7429066101636619,0.26421552485144
Egypt,0.30057284212609636,1.1869400519354554,0.4189793505372594,0.4587147939234265,0.00017660420214843476,0.3679244790279471,0.0478186861722029,0.001880308654178487,0.0008095822087193024,0.012320920203398355,0.0013824748425622147,2.781126807924536,2.7975200938333944,2.413202328896589,0.19742345318645094,0.725207406926862,0.26309073148126555,0.2869567787569856,0.0001816864006915014,0.3679244790279471,0.03382684672815031,0.0013888476859034947,0.0006848314934312217,0.008887630342361254,0.0010549097327675746,1.874611382508353,1.8866276017628165,1.506686903480406,0.9148805600855217
El Salvador,0.07372787368502313,0.0709136860398766,1.8960881301631285e-06,0.00020648127384967647,0.0,0.03412673835005816,0.006604542063129058,0.00037145375920083306,0.06313304757176981,0.005463640640209908,0.00083214901441155,0.1855812175000668,0.2553815084856589,0.15145447915000862,0.08187751617121747,0.07260829913446076,2.0002174938352793e-06,0.0002182769694194761,0.0,0.03735538858433409,0.007093449570902004,0.00039014747885643446,0.07045872757023877,0.0026896115339350426,0.00090816199529508,0.19915493064782763,0.27360157922615297,0.16179954206349353,0.4029581127839203
Equatorial Guinea,0.00038415970259231464,0.002641926826217303,0.057571166483142,0.0,0.0,0.0,0.0030084154535586524,0.0006757202683291375,0.008273473517353911,0.00708496016524314,0.0006130881059788864,0.06360566846551027,0.08025291052241536,0.06360566846551027,0.0003505791594676401,0.0018706037940440547,0.048360806367957476,0.0,0.0,0.0,0.002484566932031331,0.0006569456873990272,0.008193859005032809,0.003216239834650961,0.00028138670624794625,0.0530665562535005,0.06541498748683124,0.0530665562535005,0.0025728502073546
Eritrea,0.14643885988539238,0.00152037211563065,0.0,0.0,0.0,0.0,0.007955941129100745,0.0006690658953971141,0.021500505288392906,0.009008821427889576,0.0020749216895709767,0.1559151731301238,0.18916848743137435,0.1559151731301238,0.1019560339170571,0.0011530856943923647,0.0,0.0,0.0,0.0,0.005369665265598141,0.0004633373139361989,0.015888215109157305,0.006583969223200558,0.0021517439167009424,0.1084787848770476,0.1335660504400426,0.1084787848770476,0.250459381146744
Estonia,0.029734961159049864,0.010170702069566873,0.000944838305754411,0.0,0.0,0.0,0.012547443008902029,4.707723297810517e-05,0.036936872575628776,0.003936808048300718,0.0,0.05339794454327318,0.0943187024001808,0.05339794454327318,0.03223543484434195,0.010814984196380512,0.0010294480753879854,0.0,0.0,0.0,0.013669831797828021,5.3704691524690564e-05,0.04730943073088838,0.004397607794308238,0.0,0.05774969891393846,0.10951044213065977,0.05774969891393846,
Ethiopia,3.4131508562903385,0.1472248602991649,2.5357485317063583e-05,3.807716950988266e-05,0.013317118154408059,0.11973591321383979,0.5348555009292946,0.09782721935915652,0.6432368825391165,0.14628188924297605,0.004072834927449896,4.228347683541872,5.119766509610571,4.108611770328033,4.0292921589984845,0.11458300647133385,2.1396072379780988e-05,0.0001813110090147242,0.018080917220219116,0.19814167076674916,0.6306218280917292,0.16421790973597422,1.1801701253439407,0.19261674399078887,0.005115253941702731,4.9909222886299105,6.533042321642317,4.792780617863161,0.7703943527472178
Fiji,0.013517030931350768,0.01584777678804399,0.001616286386879441,0.0004922913492685856,0.0,0.0,0.00036895134538229694,0.0,0.10011413529433291,0.001878392068255393,0.0011082136809877753,0.03184233680092508,0.13494307784450113,0.03184233680092508,0.013517030931350768,0.01584777678804399,0.001616286386879441,0.0004922913492685856,0.0,0.0,0.00036895134538229694,0.0,0.10011413529433291,0.001878392068255393,0.0011082136809877753,0.03184233680092508,0.13494307784450113,0.03184233680092508,
Finland,0.09980556060275583,0.06268691111451485,0.0011890497137973487,0.0,0.0,0.30400197402488105,0.04673478202192726,0.0001890421137360706,0.34856064672571635,0.0005728550933602705,0.0,0.5144182774778764,0.8637408214106891,0.2104163034529953,0.0447243543426203,0.02421680515292235,0.00038411893081017435,0.0,0.0,0.07871591693842252,0.017087889757837316,8.041048447181934e-05,0.13061692766563165,0.00017711279735894934,0.0,0.16512908512261265,0.29600353607007507,0.08641316818419013,0.5899087988578966
France,1.539374082379462,0.5954138548768243,0.037237591245032696,5.739065711051313e-05,0.0,0.04213612989649076,0.15916021049463688,0.0029087080078401043,0.4965814946309184,0.06324028643317693,0.00929775109813208,2.373379259549557,2.9454074997196247,2.3312431296530662,1.5616705130300081,0.5708433092964963,0.039680635320747434,5.739065711051313e-05,0.0,0.04387413578990761,0.1537631133684308,0.0025027049690310704,0.5258577645363781,0.07801680792536235,0.012016010372232058,2.3698890974627007,2.988282385265704,2.326014961672793,0.6400536126463585
Gabon,0.329789421213122,0.0009789401669587593,0.005511535103531411,0.0,0.0,0.0008929845219784589,0.01755362525304155,0.007157055436984594,0.6675744467716632,0.0404430386733495,0.0005788984207891755,0.35472650625863217,1.0704799455614185,0.3538335217366537,0.3865855907370754,0.0018410658647716044,0.019720950477715854,0.0,0.0,0.0009349973591483865,0.02268974584557098,0.007034496715437998,2.2230256501128642,0.047959091038014205,0.0023275367147482856,0.43177235028428224,2.712119124865347,0.43083735292513387,0.1172135123792286
Gambia,0.06343006680461759,0.006639217227156373,1.980242008796535e-06,0.0,0.0,0.0,0.004265779823961789,0.0030015612667959515,0.017290270002077307,0.003123053202833655,0.0,0.07433704409774454,0.09775192856945145,0.07433704409774454,0.06208457797052844,0.008533188374371947,2.17415984435799e-06,0.0,0.0,0.0,0.005326347804481682,0.0034587416306246605,0.015879081612328504,0.0028143149433814633,0.0,0.07594628830922642,0.09809842649556105,0.07594628830922642,0.1114060414026724
Georgia,0.08966817830394846,0.07596375166883212,0.0706050092862539,0.0,0.0013265407945928056,0.007532482970548017,0.004368440143980463,0.0007642776588606069,0.010941182662675424,0.005106970582554629,0.014477096333889668,0.24946440316815577,0.28075393040613605,0.24193192019760776,0.06587668862419133,0.05398328229179927,0.05158617070120302,0.0,0.001023311884827376,0.0064453477529941485,0.0031729131569464015,0.0005995188166200586,0.009760181763888823,0.0036969819341518893,0.010079852156321123,0.18208771441196156,0.20622424908294346,0.1756423666589674,0.3725275573844716
Germany,1.1788586508348213,0.14021839449432366,0.1793671768743285,0.0,0.005252581187449264,0.005835239029851061,0.26752483054550663,0.0010579702845348823,0.17758043590396316,0.02808314870785072,0.011563613148648856,1.7770568729662806,1.9953420410112783,1.7712216339364295,1.9859723511102887,0.22425514022794424,0.306507758892138,0.0,0.003994197103960988,0.009233703160134181,0.42947713290150596,0.0015504221503915604,0.38596001651829237,0.05122723965044189,0.02038793004852028,2.9594402833959723,3.4185658917636186,2.950206580235838,0.5917164863884308
Ghana,0.1580271256539341,0.1608456316640111,0.005576286925464415,0.008854947558409024,0.0,0.3981160142710673,0.03858532215319304,0.06270729762119591,0.37073656920494874,0.0439510885696769,0.00021276397871171688,0.7700053282260789,1.2476130476006122,0.3718893139550117,0.11656562691423737,0.10568319116210176,0.00430083518598509,0.005678924014967298,0.0,0.17497689859030544,0.029684583238450364,0.04807050373746462,0.2563875342162053,0.030014313104696273,0.00010929624802834372,0.4368900591060473,0.7714717064124419,0.26191316051574187,0.7227554236318762
Greece,0.17480780225117626,0.20163025325453943,0.0052252984886051335,0.005249930464807105,0.012237815044723686,0.02717876983256438,0.016835401116145305,0.01787264385374611,0.11431882682265443,0.011686853309965278,0.006489422414777972,0.4431652704525613,0.5935330168537052,0.4159865006199969,0.1493690749819155,0.18060273300668794,0.004120401816752464,0.004177401391855607,0.004902458654688767,0.03010158291605465,0.01696153287115648,0.13073392629757716,0.10762830901097677,0.010490589366674293,0.004819746881337843,0.3902351856391114,0.6439077571956774,0.3601336027230568,0.3590644522740203
Guatemala,0.14791841283774673,0.0505138123041102,0.007859498250089709,0.00037345156503118277,0.0,0.002837998203036328,0.10245885299611122,0.004697336921918328,0.12873303390634772,0.016173846460003586,0.0021045250736433365,0.3119620261561254,0.46367076851803835,0.3091240279530891,0.30165109596409206,0.054898057835342254,0.023181856722239123,0.0006505595202840106,0.0,0.006343528501418224,0.19045092489395193,0.008708214284285164,0.27206075559131276,0.029820651630456788,0.004809343355776546,0.5771760234373275,0.8925749882991588,0.5708324949359094,0.6207352512239237
Guinea,0.29577354530951183,0.006708692488827177,2.6534844637777082e-05,0.0037816539562133262,0.0,0.0033213825519256093,0.06741939847722474,0.0871072809514094,0.19856786813075233,0.040850373140923824,0.0,0.3770312076283404,0.703556729851426,0.3737098250764148,0.20118364235525088,0.005927148842128783,1.6582276356124462e-05,0.0023786786095548744,0.0,0.0025197798017467044,0.05800545947886554,0.0697744578072592,0.1363037684941884,0.026455761618229687,0.0,0.2700312913639029,0.5025652792835802,0.2675115115621562,0.2164021675485176
Guinea-Bissau,0.16458571312127002,0.002453014021139923,2.5235198101899176e-06,0.0,0.0,0.0,0.015565725363840517,0.008011025982975593,0.06429263909999375,0.009064897278479212,0.0,0.18260697602606066,0.2639755383875092,0.18260697602606066,0.12126110093409655,0.0022791477457256236,2.4687803951020875e-06,0.0,0.0,0.0,0.013348195491978222,0.005966931141527782,0.04951240550520327,0.005274321909848757,0.0,0.1368909129521955,0.1976445715087753,0.1368909129521955,0.2733575752571825
Guyana,0.01654407470631796,0.0038870451698980847,0.04800642170802176,0.023696638811883924,0.0,0.0,0.0014635146735776444,0.015445345730292777,0.5866535212509637,0.041351256394513605,4.5771996674567624e-05,0.09359769506969938,0.7370935904421441,0.09359769506969938,0.024758621568411215,0.008707836159466485,0.03896548496994104,0.04461893783198681,0.0,0.0,0.0023662366073925775,0.023520544168989972,0.8859809801277624,0.04669254447729207,6.408620907356149e-05,0.11941711713719813,1.075675272120316,0.11941711713719813,0.1532824915193908
Haiti,0.13561645978331457,0.006673614339108718,1.6388612182417832e-05,0.022478134551564027,0.0,0.0,0.028685987820754707,0.00020881948358576508,0.011655268664266479,0.0023213002325960393,0.0005246777525645147,0.19347058510692444,0.20818065123993723,0.19347058510692444,0.15255538402397337,0.008065226235066204,2.022659181612872e-05,0.026818074469202115,0.0,0.0,0.03327209132957442,0.0002629910628673975,0.014692777358514106,0.0015138218132839981,0.0006352698874614331,0.22073100264963225,0.23783586277175917,0.22073100264963225,0.3311220771394064
Honduras,0.10320421505256769,0.04635886902506081,1.3375656768953182e-05,0.0012903736155256273,0.0,0.01927629751269222,0.024488212726869914,0.0007991421885457205,0.07480205847208336,0.016898916459596167,0.0013397319396762902,0.1946313435894852,0.28847119264938675,0.17535504607679298,0.15140046099686652,0.07361318588195565,3.0209801926716138e-05,0.0016526217743555633,0.0,0.043716218087897656,0.03664400101819122,0.0009711042248579317,0.0839432627444707,0.019498527535092916,0.0012646746762582338,0.3070566975611933,0.412734266741873,0.2633404794732957,0.3328165274441447
Hungary,0.11150154057396901,0.12835719892701208,0.059829419425276816,0.0,0.0012663799378570533,0.011187663932854532,0.023461401930056608,0.00023153394698070852,0.018526228017125435,0.00723234666698035,0.002804479752474064,0.3356036047270261,0.3643981931105867,0.3244159407941716,0.2822587547850385,0.20473833319308732,0.11636139420204707,0.0,0.0036856059666414203,0.012641579245926049,0.0383082276692542,0.0006527676906562543,0.04377566448045342,0.017180314442980314,0.00576348076380962,0.6579938950619946,0.7253661224398942,0.6453523158160686,0.1202193189115965
Iceland,0.014340953353949538,0.009096823588111223,1.779218532235428e-05,0.0,0.0,0.006560400848280748,0.000646206027078379,0.001306822104451871,0.10160368770745945,0.0,0.0010482937271170149,0.030662176002742243,0.13462097954177057,0.024101775154461495,0.011136449410634807,0.0059034645225437485,1.1999615623447204e-05,0.0,0.0,0.008803479077500587,0.00037921441794259086,0.000795753267314639,0.07416449128137467,0.0,0.0008734657194403769,0.02623460704424518,0.10206831731237487,0.017431127966744592,
India,10.73865696600433,2.8493997562156133,0.8744745661425222,3.3954375490943485,0.8990183329708555,1.24462412845423,2.0640270170225246,0.09703563954081164,9.154231654658787,0.37470004612562124,0.005599732969387414,22.065638315904422,31.69720538919903,20.821014187450192,8.228886933871733,6.067455104074908,1.8404635508879357,4.88017916849344,1.5040800721961554,1.6164860281029754,3.9392295161571114,0.23006346276848028,12.049705158972083,0.6907952830075359,0.012918858220360934,28.076780373784263,41.060263136752724,26.460294345681287,0.9941856375496582
Indonesia,0.6926066193898117,7.466687350055209,0.5372545433687368,1.6659011595656559,0.11713585037860419,0.09182538127986495,0.43439862907058846,0.85059841741025,9.062148036903185,0.2907516426366927,0.053224068886691914,11.005809533108472,21.262531698945292,10.913984151828608,0.6267752685056824,5.7147268859462335,1.067313131429562,2.0740410183164166,0.174790954417674,0.0597251291338535,0.5971458865915787,0.7852064764072179,13.35167433543429,0.25556404278329237,0.06607236858041776,10.314518274341001,24.773035497546218,10.254793145207147,0.8351652429652887
Iran,0.8383513107004085,0.8957431384789298,2.9818417963664463,0.061605667132121227,0.01996717193120441,0.3947970315268882,0.13193420958917268,0.001468976744594068,0.02625335395460263,0.15521627619872,0.014095383787482563,5.324240325725172,5.5212743164105715,4.9294432941982835,2.12270845040004,2.400915390851062,2.510784311166255,0.23491573534266583,0.027061612321889153,0.20002393218994308,0.4868483450216348,0.0025619293236069127,0.16648756221655678,1.0381201781769391,0.0926758827822275,7.98325777729349,9.28310332979282,7.783233845103547,0.8892396441400059
Iraq,0.1183155930778092,0.16299895506096632,2.6960863105422437,0.0,0.0,0.14120201251712838,0.013088228916195857,0.0006883712004481721,0.011754622280191486,0.022153557178262322,0.0053315033174084975,3.1316911001143435,3.171619154090654,2.990489087597215,0.28193388856689305,0.2871161647034809,1.3097802184150247,0.0,0.0,0.19975636899899946,0.029058901058692237,0.0008642424177544306,0.015125432987538774,0.04883909934519247,0.004426501055178048,2.10764554174309,2.176900817548754,1.9078891727440908,0.9203260136447652
Ireland,0.5940435161181422,0.029937541796406605,0.0030681040881131816,0.0,0.0,0.00859796537640242,0.012099181859010811,1.1839079551460452e-05,0.07434610657677897,0.007665369325203875,0.00026470513389062944,0.6477463092380753,0.7300343293535003,0.6391483438616729,0.29931792437901217,0.016134619201562773,0.001658817571827738,0.0,0.0,0.004215334476001244,0.0064124675465966514,6.3637090032992215e-06,0.034541188036398766,0.001954325026039156,0.0001444627215385613,0.32773916317500057,0.36438550266798037,0.3235238286989993,0.1353750149122103
Israel,0.04561159098144916,0.3106331592634842,0.0159894800499229,0.0,0.0,0.0,0.0052674064910977255,7.130242557859601e-05,0.0007507099398277385,0.0019409224817936808,0.00018290735785919836,0.37750163678595405,0.3804474789910133,0.37750163678595405,0.029173998712885986,0.1807268738386575,0.010363269793683093,0.0,0.0,0.0,0.0031635051384773516,5.118013087288924e-05,0.000478543989943576,0.0010786725285788477,0.00011978499879638009,0.22342764748370392,0.2251558291318956,0.22342764748370392,0.74763421627717
Italy,0.6948726934167833,0.6564057590237833,0.12934955262317308,0.06209342083234785,0.0,0.004968323536410262,0.15471578487139556,0.008880599984454422,0.20503270582546976,0.025935702693117953,0.12300039645017359,1.7024055343038933,2.065254939257109,1.697437210767483,0.7368414633441281,0.6248654399504306,0.1323911583170712,0.11191259319871164,0.0,0.004653277057456515,0.15070683054543457,0.005486861133978659,0.1630427511410515,0.015935018058429284,0.12010393420618924,1.7613707624132329,2.0659393269528814,1.7567174853557763,0.8547459029195845
Japan,0.41802089233573214,0.1315968494824477,0.008686329810194687,0.4757481026657766,0.01876321173416064,0.00782499909593009,0.14165420961607414,0.015353815281936375,0.710454612824679,0.025348530508443805,0.04245339656195749,1.202294594740316,1.995904949917333,1.194469595644386,1.0530235832422719,0.32225369805581217,0.013737853871423095,0.7065865612760726,0.06862317060343452,0.017890564446122133,0.3089703013938532,0.036362081305516276,1.532426989843585,0.026944166298876006,0.057902678514412276,2.4910857328889895,4.1447216488513785,2.4731951684428672,0.3318737676502338
Jordan,0.029046351686329484,0.17135171381624192,0.023031179605413933,0.0,0.0,0.0,0.002645310357366909,9.397296938378462e-06,0.0005547413873852263,0.004334289973244793,0.0004293409440430462,0.22607455546535224,0.23140232506696368,0.22607455546535224,0.03882656813245196,0.18371721122962922,0.026953607372646248,0.0,0.0,0.0,0.002920682551030058,1.0967852534732185e-05,0.0005809568988222545,0.00497345988049692,0.0004801575582024018,0.2524180692857575,0.2584636114758138,0.2524180692857575,0.4304814083654499
Kazakhstan,0.9536410176641665,0.23534004322830973,0.21074998556129257,0.020239417815311894,0.2751221926980839,0.237539340909273,0.07627965499973151,0.02021181813193806,0.07452998023921212,0.2123541807361655,0.010735686285692611,2.008911652876169,2.3267433182691772,1.771372311966896,0.6797714881028104,0.1828965588612651,0.6132245915018413,0.14296876665182956,0.13969907162711398,0.07352941734178653,0.062479653393335444,0.020041107224385703,0.07756648143457918,0.2851478303058296,0.00920384223405467,1.8945695474799822,2.2865288086788316,1.8210401301381958,0.9400230509906232
Kenya,0.8146205788197144,0.05999249691321259,0.00013533254698708236,0.005844982128395211,0.0,0.042915708083926585,0.1474949886126625,0.011182585393098715,0.1865940402399198,0.09583264228125565,0.006004108475655356,1.0710040871048983,1.3706174634948276,1.0280883790209718,3.4376980182798533,0.15421136399931243,0.0005985516604689176,0.010222423052088534,0.0,0.10314266613083822,0.5259838782123705,0.03712756097559792,0.9362217150705,0.6279835922530648,0.036384238938143035,4.2318569013349325,5.869574008572239,4.128714235204094,0.2382615319665779
Kuwait,0.006348322772081088,0.07784737134780097,0.03687380800554083,0.0,0.0,0.0,0.004164872038142552,1.922532845857008e-05,1.542005573597456e-05,0.001635136948734039,0.0019184356495217506,0.12523437416356545,0.1288225921460158,0.12523437416356545,0.01320504765463673,0.31760243165468177,0.043780212518720954,0.0,0.0,0.0,0.013268014607806425,2.3497570173612225e-05,2.069789001807794e-05,0.0020411833752545304,0.002828842106393043,0.3878557064358458,0.3927699273776851,0.3878557064358458,0.0997124561942561
Kyrgyzstan,0.130336331490694,0.04480365908163034,0.041333327270592274,0.0,0.006177282189643358,0.022327251664859434,0.05646300948233177,0.0002740563905517025,0.005984813016324503,0.013446801652085925,0.0008065828443611636,0.3014408611797512,0.32195311508307456,0.2791136095148918,0.07037745038684746,0.01887297353094092,0.020435435284172236,0.0,0.0030026536038493083,0.007517593365049806,0.024357363062737343,0.00010263267810461925,0.006112812677702792,0.008406779294285904,0.0003575072101523526,0.14456346923359706,0.1595432010938427,0.13704587586854727,0.5466245960845564
Laos,0.11367995947774678,0.0024233745947607873,0.0006351034907998369,0.13733017228931263,0.0025683854317581525,0.11358754352922751,0.028456122523357726,0.2109593781886584,0.2172241536615784,0.03177949495298753,0.0007285340905634476,0.3986806613369634,0.8593722222307512,0.2850931178077359,0.2532031816468673,0.0029927701807820873,0.0006742625088186385,0.13103591620589905,0.0021461271122325204,0.09189237887725706,0.04717148429486331,0.2813860531995177,0.3121343260708362,0.05264988846885682,0.001830061243464256,0.5291161208267199,1.177116449809395,0.43722374194946284,0.5132408343103819
Latvia,0.03713997422322066,0.018280811284805985,0.004152736617517693,0.0,0.0,0.003250497886831368,0.009079061988166003,4.363760650580056e-05,0.027719729661208156,0.003751501235210478,4.996448850511827e-05,0.07190308200054171,0.10346791499197128,0.06865258411371035,0.036246137537442776,0.016024845764615585,0.004263424601567789,0.0,0.0,0.002089534370345359,0.008859988065991729,4.756202154658028e-05,0.029612306580287382,0.004405730869571706,3.918420644629101e-05,0.06748393033996324,0.10158871401781519,0.06539439596961788,
Lebanon,0.014593108629604189,0.09649770547952406,0.002341461865353016,0.0,0.0,0.0,0.0035429401721185226,2.4148930751887807e-05,0.00018593937753455558,0.0009564901303541735,0.00017872258063350718,0.11697521614659978,0.11832051716587391,0.11697521614659978,0.009290446254431053,0.05477891280328556,0.0012409841487169837,0.0,0.0,0.0,0.002006835411265095,1.41913088963141e-05,0.0001229153513901251,0.00029072165989242415,8.837038360184278e-05,0.06731717861769869,0.0678333773214794,0.06731717861769869,0.360182659240382
Lesotho,0.03357080787558226,0.013501880071713152,3.423156427799067e-06,0.0,0.0,7.277294445281405e-06,0.00876911424379085,0.0006263327397991762,0.003964495691006704,0.0023525926997026445,0.0,0.05585250264195934,0.06279592377246786,0.05584522534751406,0.050853331963016064,0.020999694301932038,5.411181163399545e-06,0.0,0.0,8.87636392155163e-06,0.013418350665857625,0.0009281434908425797,0.005014957912500977,0.0035427789308484295,0.0,0.08528566447589069,0.09477154481008268,0.08527678811196913,0.1328894848849008
Liberia,0.007516324439649032,0.024320739118299725,3.071714671372787e-05,0.00016198213709028438,0.0,0.0,0.04810602954059076,0.008503835790015206,0.19798291919757052,0.016744015786826758,0.0,0.08013579238234353,0.30336656315675603,0.08013579238234353,0.06621637330208144,0.12138473876617376,0.00042685648571345126,0.000940675153240964,0.0,0.0,0.18148228096005545,0.04038395622295774,0.3169118980888875,0.03429697038228228,0.0,0.37045092466726504,0.7620437493613926,0.37045092466726504,0.0235717669550229
Libya,0.0682660810964456,0.1142437145014277,0.2955151022961129,0.0,0.0,0.0,0.014080820075490998,2.52066505677364e-05,0.0034268444958292636,0.008833313319225367,0.008077665735333866,0.49210571796947716,0.5124687481704333,0.49210571796947716,0.2567312648097786,0.33271655695159547,0.4490554009302547,0.0,0.0,0.0,0.03825011997409862,4.514449477540173e-05,0.014018873828143897,0.011062166283148168,0.010374299404717348,1.0767533426657274,1.1122538266765123,1.0767533426657274,
Lithuania,0.0707371012176673,0.02960098661797736,0.011286550107382609,0.0,0.0,0.002773745217919894,0.009917090419779227,0.00016299546766427415,0.014263988036011817,0.0046852815919409116,0.00025980073378087794,0.1243154735807264,0.14368753941012424,0.1215417283628065,0.04874910056179471,0.019623191957347394,0.007691060148206267,0.0,0.0,0.0014423596551430564,0.006970226964269805,9.633976844258567e-05,0.009499479197009992,0.0029907818201805173,0.00014952245904010996,0.08447593928676123,0.09721206253143444,0.08303357963161817,
Luxembourg,0.018770977293697286,0.0028245824433031893,0.0006305701927506821,0.0,0.0,8.869783939262779e-05,0.0014035077245696883,1.0621842518152197e-05,0.00011714458302003586,0.00015791059370164892,2.520586437259433e-07,0.02371833549371347,0.024004264571597028,0.023629637654320843,0.05014805239447381,0.007546080640502397,0.0016846148482142322,0.0,0.0,0.000236962829774006,0.0037495745589869707,2.8377036890082348e-05,0.0003129604066480889,0.00042186981544384917,6.733932855106492e-07,0.06336528527195141,0.06412916592421894,0.0631283224421774,
Madagascar,0.26382993986471953,0.021384129376107855,0.0059843474877204605,0.21456088087925218,0.0,0.0012508414903824156,0.06680463131114871,0.11206198873877712,0.48432596018005974,0.12373548105490152,0.0005754114537322334,0.5738147704093312,1.294513611836802,0.5725639289189487,0.6958026832128792,0.07159897682116806,0.017596604079188276,0.39354663211271435,0.0,0.011420321145576121,0.20130667521087733,0.2076049836656165,1.1013534883882024,0.16988050645223723,0.0008141116801223565,1.3912718925824035,2.8709249827685817,1.3798515714368274,0.3355884036872985
Malawi,0.058467495363738145,0.03818315091029166,0.003943218225456518,0.013340064179917281,0.005074360476353916,0.0,0.035435284439369434,0.016397972005520563,0.2055020487555923,0.01609881889673751,4.00909846362443e-05,0.15444357359512695,0.3924825042376136,0.15444357359512695,0.20562815264468132,0.2497835475713429,0.017238895745591308,0.05419570290813826,0.005743213853450354,0.0,0.14089671787807215,0.027446297353410757,0.4213663073916708,0.04035292962976036,5.323537022056318e-05,0.6734862306012762,1.1627050003463386,0.6734862306012762,0.1640848809683056
Malaysia,0.06777398400745406,1.422027789526208,0.9040767773017899,0.0,0.00115588069312924,0.13696343633426636,0.06594414647829096,0.008376314081122351,1.0149858285103945,0.04392187757530729,0.00718601742112105,2.5979420143411383,3.672412051929083,2.460978578006872,0.1212304088842594,1.6542772990922998,1.6304207095406518,0.0,0.00118551034488147,0.2139734802744321,0.07855912038347011,0.011794434645512662,1.3851513154266855,0.04547434058854344,0.00958330172764608,3.699646528519995,5.151649920908382,3.485673048245563,0.4554162081391241
Mali,2.9433272756676225,0.010967145440148877,0.0056543320019336075,0.0,0.0,0.061888313495010255,0.039866228452776604,0.059783840905196825,0.5709577688077958,0.11829490125427795,1.9402833347841127e-05,3.061703295057492,3.8107592088581104,2.9998149815624817,1.616899784604799,0.00398461582920279,0.002829141778871921,0.0,0.0,0.023156577517382787,0.018857057741044035,0.026187718404852782,0.2900498647973941,0.0663863869843442,6.924836704686363e-06,1.6657271774713005,2.048358072494596,1.6425705999539177,0.6433222578459858
Mauritania,0.21120937739984716,0.006566799089343562,0.002280161638605597,0.0,0.0,0.0,0.014058409738421212,0.0010454939005893377,0.06062773380593811,0.04350200300408543,0.0,0.23411474786621753,0.33928997857683035,0.23411474786621753,0.12708748297194916,0.006375496448525723,0.0019861603250032416,0.0,0.0,0.0,0.010056243263005863,0.0006444873316458504,0.036553657303749654,0.02916181448191096,0.0,0.14550538300848398,0.21186534212579045,0.14550538300848398,0.1158944588273437
Mexico,2.0661374830522523,1.018466451661594,1.3934718751972688,0.007773080943470935,0.09968830765024786,0.5189045531695063,0.16030208839663657,0.031870083363520714,0.566909901174784,0.32436659803888696,0.01350062132245483,5.2647438400709765,6.201391043970623,4.74583928690147,3.452777154050294,1.584177381203677,0.9724670927767125,0.006143285476180415,0.03549266518673336,0.5002907731880982,0.2582799371148359,0.05295377879173902,0.651723998991831,0.2498523823438977,0.016583497092922016,6.809628288996532,7.780741946216922,6.3093375158084335,0.7772849367704998
Moldova,0.028367475241881338,0.0704816888548458,0.017838566195409286,0.0,0.0,0.010827180636493367,0.009474553907780708,0.0003275899103576407,0.004188300601961996,0.002079949834127495,0.0054869451926703085,0.1369894648364105,0.14907225037552793,0.12616228419991715,0.01264174571335916,0.03060816350168616,0.007834827822569997,0.0,0.0,0.004398028860099818,0.00411680557993044,0.0001467426729439029,0.001884383916112408,0.0009223448525412593,0.0025442303852887755,0.05959957147764557,0.06509727330453192,0.05520154261754576,
Mongolia,0.3232042722908559,0.00706363658290632,0.01186941688355054,1.0645627566198667e-06,0.038266758381994004,0.0035811353058595287,0.020323068047081953,0.001134661933244653,0.18099109185650486,0.12448805629190308,0.0025781725078866274,0.40430935205500484,0.713501334644544,0.4007282167491453,0.18728261214805997,0.0030010196019211364,0.007082638757954764,1.0645627566198667e-06,0.12497293452137997,0.0015128738657139657,0.008393696939470662,0.000417170684960545,0.08970664436966798,0.08241060492556115,0.0017502221890452008,0.3322468403972571,0.5065314825664919,0.33073396653154313,0.2076333052845744
Morocco,0.33617478739156664,0.19735396154051624,0.032478730465911806,0.009002240943196271,0.0,0.08115465256772533,0.019643457231087704,0.0002662758086636541,0.010668973764420856,0.03616337845086254,0.002275132983001708,0.675807830140004,0.7251815911469528,0.5946531775722786,0.2990146556909606,0.2262571664447927,0.048855271861366255,0.009658338808472486,0.0,0.06561375126926054,0.02681112927341972,0.00046184603297587065,0.010830375716455837,0.02605627091659051,0.0023029020722866575,0.6762103133482722,0.715861708086581,0.6105965620790117,0.8068938231063414
Mozambique,0.06988325312346529,0.05173651825755113,0.005913613296999526,0.013903365155335797,0.023428578360635242,0.21899437417551823,0.0760680521714394,0.41530966738624786,0.47954186298842366,0.14549527569262535,0.0005318118978910453,0.45992775454094464,1.5008063725061325,0.2409333803654264,0.05747673496931504,0.12496271235657536,0.007936400714462147,0.010205462229987097,0.20289592779485469,0.11100363364573963,0.0700904028735324,0.2885627031673914,0.3534398391422221,0.08518000760513217,0.0004572682288172031,0.5845712745844663,1.3122110927280293,0.4735676409387267,0.684137276038085
Myanmar,0.5216880349966811,0.14902690417146194,0.007301977058182529,0.5876225669804963,0.00551026221157011,0.1029642713084534,0.1879557533971005,0.2624928911060729,1.5952661073297543,0.1085861341332162,0.003626484645721134,1.5620697701239459,3.5320413873387104,1.4591054988154926,0.45599516597706735,0.11941784513433941,0.006199970387885725,0.578128990426953,0.0037448106635326315,0.06510136606883753,0.17182781886843676,0.20437890739636477,1.6483939459635586,0.09099720736099559,0.003249040202176893,1.4004159675270527,3.3474350684501486,1.3353146014582151,0.6940144931898586
Namibia,0.21757139867802033,0.006866614487595708,0.0005632217035335839,0.0,0.0,0.0,0.004294882621792552,0.02132409707793664,0.11826545782210783,0.11020647615622887,0.0,0.2292961174909422,0.47909214854721555,0.2292961174909422,0.13924295907149953,0.004809381559188497,0.00037371308712707527,0.0,0.0,0.0,0.0028590345946292598,0.01267145165088551,0.07352229906745597,0.0747612620999378,0.0,0.14728508831244438,0.30824010113072364,0.14728508831244438,0.2166769283718722
Nepal,0.46913150834529616,0.016772687642453186,0.0008655276171286951,0.0015683118581263028,4.7727981241089784e-05,0.00018421815295373268,0.13490117535502089,0.018934081906963128,0.2890888268044461,0.019650328908274187,0.001276092831194148,0.62347115695222,0.9524204874030976,0.6232869387992663,0.7424183545483409,0.02001869450761313,0.0012270738993628348,0.002214750970571212,5.8448470396407556e-05,0.0001358636204261214,0.20738881126467043,0.0345449296159128,0.32921379269058987,0.037787174118307024,0.0027023198022969705,0.9734619972813812,1.377710213508488,0.973326133660955,0.8741632618697996
Netherlands,0.4660624185866137,0.10036287723368524,0.027416033123271618,0.0,0.0,0.0,0.037312967750675684,0.00011556971631004386,0.015558172355637213,0.003473693396385765,0.0009991451553297294,0.6311542966942462,0.6513008773179089,0.6311542966942462,0.9830069714991491,0.2163203140948532,0.04505438591122456,0.0,0.0,0.0,0.08548485725550566,0.00025588473274029775,0.029824783952239316,0.005738463261375844,0.0016919916854780713,1.3298665287607323,1.367377652392566,1.3298665287607323,0.5116949885840634
New Zealand,1.1813905734947363,0.11846350813321166,0.015481441380754997,0.0,0.002455311031979303,0.08078213313786156,0.01428726739860416,0.0005586205942648575,0.17829663254376266,0.022523245175352553,0.012623706856583441,1.412860234577148,1.6268624397471116,1.3320781014392864,1.1846092930280996,0.0997737257580579,0.014424506542280727,0.0,0.0018265796711805064,0.05801061406392667,0.012741693850397922,0.00042347661090842275,0.1751853091395534,0.009322589005867752,0.010696570551394788,1.3713864129139435,1.5670143582216678,1.3133757988500168,0.3131343174638439
Nicaragua,0.15340473914685165,0.028165193127495006,0.00013550506056203988,0.010284628016706623,0.0,0.0016318422168816542,0.017833133990382617,0.000998116887194006,0.2831636719284873,0.021071005070294725,0.0047613531645605695,0.21145504155887956,0.5214491886094161,0.20982319934199792,0.0846976083905052,0.01122388149056405,4.8384938253105664e-05,0.0051852566103610985,0.0,0.0010459027060195519,0.008872682533550589,0.0005384195599459084,0.12595816774588386,0.009485025576983887,0.0019317504660553576,0.11107371666925359,0.24898708001812261,0.11002781396323404,0.1563884530566526
Niger,0.7884018235664505,0.029635005413046527,0.006536588088158913,0.0,0.0002814733690083404,0.0,0.04957770654731284,0.007071024210639483,0.1364693911820243,0.11600319026705426,0.00028584877006275586,0.8744325969839771,1.1342620514137578,0.8744325969839771,1.116796746162054,0.024691280252927945,0.1708208916612834,0.0,0.0002956881955093915,0.0,0.0798893577368024,0.03737264283504395,0.3037183056329232,0.2574013938007675,0.0009055486820870103,1.3924939640085774,1.9918918549593991,1.3924939640085774,0.3159527783443051
Nigeria,1.1689257970642322,0.8800297049943805,2.971831452081882,0.5007735099724894,0.00024041440451071685,0.2702764561348127,1.402741371735202,0.14634114220300234,2.5353994686088464,0.1808646586709407,0.0009957291642067728,7.19481870638751,10.058419705034506,6.924542250252697,1.238832125580749,0.5080755026338146,1.1978332069430084,0.4185778797700953,0.00015995070377843035,0.2405845089274401,1.4077743228093105,0.18781493641800073,1.8714679539909893,0.20596697037362716,0.0012395252451641926,5.011837497368196,7.278326883395977,4.771252988440756,0.8418932091722199
North Korea,0.05527236996865451,0.04434621927159596,0.00014734230446400402,0.07893611738835973,0.27428935758810424,0.03163016384440992,0.0486570131852379,0.00044464958893576775,0.07340411953649943,0.009093392098480086,0.0006306100715439322,0.5332785835508262,0.6168513548462854,0.5016484197064163,0.058535566851870516,0.04236984446660223,0.00016212012164246932,0.07751576101200423,0.19702824112744316,0.03569914353010802,0.04818332169100934,0.0005050178200488726,0.07340590156755152,0.006955120496317746,0.0006671453706408257,0.45949399880068,0.541027184055239,0.423794855270572,0.6960496327261751
Norway,0.1068021499506298,0.04329027673497696,0.016417855510267417,0.0,0.0010489235956040186,0.043029973220106855,0.02343728149610909,1.964361479353604e-05,0.4500102738069898,0.003366413611242139,0.0010413850675492153,0.2340264605076941,0.6884641766082689,0.19099648728758728,0.11664878677676635,0.04629726173538921,0.016476614384270012,0.0,0.0010489235956040186,0.04587143386253859,0.022804091836711633,2.5592123561811226e-05,0.3555026611878483,0.0028806350354232363,0.0010358493567839367,0.2491471121912798,0.6085918498948971,0.20327567832874122,0.3743100111253725
Oman,0.018607331741771357,0.02116425478623289,0.2459693356314285,0.0,0.0,0.0,0.02666765838608664,1.5024598116260727e-05,0.004549379179458303,0.006306458675722355,0.0009016636649280983,0.3124085805455194,0.32418110666374444,0.3124085805455194,0.020554940245875418,0.026057188623371967,0.34246747559590895,0.0,0.0,0.0,0.03285029008887457,1.6682229856608723e-05,0.005168017970368515,0.003446599218064103,0.0011102342705668273,0.4219298945540309,0.431671428242887,0.4219298945540309,0.1129219343209935
Pakistan,5.981208770415325,1.4413824626691034,0.002891117809465039,2.238451259815472,0.0033908309798584245,0.2667725603620163,0.5019225852451432,0.004219640549743738,0.09776680177475744,0.0752082019156172,0.014340579831432016,10.436019587296384,10.627554811367933,10.169247026934368,5.968972838983288,1.718660992670346,0.003145562699390059,1.2917349461909085,0.004037129807095937,0.22171532353188306,0.5806713843027034,0.0037701010375204417,0.09912167367887381,0.44808221649300456,0.07212634981169283,9.788938178185616,10.412038519206709,9.567222854653732,0.9789904078792668
Palestine,0.009192052797818817,0.04274799855262503,0.0017074390510881964,0.0,0.0,0.0,0.0009090142622435228,6.208316089673271e-06,0.00018854423684193914,0.00023425679260456097,3.759332936329573e-05,0.05455650466377557,0.05502310733867504,0.05455650466377557,0.010416098424266832,0.04908260953969604,0.0018203671423209782,0.0,0.0,0.0,0.0010424798158334796,6.392566500941924e-06,0.00021246547976411364,0.00026175920851792165,4.490799466307442e-05,0.06236155492211733,0.06288708017156339,0.06236155492211733,0.0656764519754959
Panama,0.08446662705153052,0.04975936671571647,0.0004988972045504074,0.006307431565535382,0.0,0.023168481711490642,0.004795556090414023,0.0013495340215125486,0.18143957196850102,0.010316218393322456,0.0008583146879327466,0.1689963603392374,0.3629599994105062,0.14582787862774677,0.07640289771523405,0.046471085472237605,0.00046095414271133517,0.0055323563379774,0.0,0.021885547745442168,0.0041822899907574115,0.0012319572362166139,0.16837653010508236,0.003944277445493488,0.0007191771082292423,0.15493513140435994,0.3292070732993816,0.13304958365891778,0.0187069355219373
Papua New Guinea,0.04347812772506565,0.010082712826241966,0.03468108128763618,0.0,0.0,0.0012043597467488888,0.018055936111511416,0.08820220067634063,5.042116123706349,0.06926911737001827,0.013112322554290946,0.10750221769720411,5.320201982004203,0.10629785795045522,0.04443989452419685,0.01075750446003347,0.03619239149010254,0.0,0.0,0.0011041333061678703,0.018367005438491273,0.07368776084964994,5.00009764571381,0.04924281710449428,0.012159241271910157,0.11086092921899202,5.246048394158856,0.10975679591282414,0.5439004158540308
Paraguay,0.7395472572995777,0.050554261529671005,0.0015056342406470488,0.024768894855464595,0.0,0.45958166517719873,0.03257046015481406,0.07193132573872708,1.2422549001707617,0.03602244682513757,8.083902050505455e-06,1.3085281732573733,2.65874492989405,0.8489465080801745,0.6220257303854333,0.044998635396961834,0.0020186730434800675,0.018226031450662518,0.0,0.2210355322885429,0.027850875089872173,0.051067404405553386,0.8692259986107116,0.03065959904158274,1.1207056541493687e-05,0.9361554776549527,1.8871196867693418,0.7151199453664098,0.6962330001729741
Peru,0.4583351427272916,0.43920482869330113,0.08394519966225239,0.054149333538519445,0.004561686814156299,0.004156320258415723,0.044008084167568566,0.027764479064556015,6.118512070879924,0.22074630344106114,0.005415434793254669,1.088360595861505,7.460798884040301,1.0842042756030894,0.831678637388063,0.5626819369263121,0.15028980302141115,0.07458268591759491,0.004494358311993665,0.012879832888149197,0.0776003854892981,0.07729992747496306,6.027606692320853,0.3786069340817649,0.013397113135561457,1.7142076399428219,8.211118306955964,1.7013278070546727,0.6353817957915532
Philippines,0.4052059073131287,0.009681320076650691,0.012607330817328618,0.7818458388985056,0.015723793567653657,0.02799868227492395,0.1666251766892889,0.008902836878043066,1.0535372451106735,0.042768483949110786,0.013400230766903968,1.4196880496374802,2.5382968463422113,1.3916893673625563,0.48073230939876693,0.009306118961765683,0.014559814840254466,1.081725191459916,0.02719559801961814,0.031185754141839623,0.20963984743389663,0.0105018326458245,1.3498974963029868,0.019518468016716542,0.011723537006731026,1.8543446342560577,3.2459859682283168,1.8231588801142178,0.4018762139352565
Poland,0.570423788878179,0.12802120018510038,0.10904259276612953,0.0,0.576303408409632,0.03074827283675654,0.2175034300980592,0.0003464232322756465,0.09972864688532586,0.02170938652462677,0.009503062330386702,1.6320426931738565,1.7633302121464713,1.6012944203371,0.673490264779695,0.12006863109063656,0.08007681148415821,0.0,0.43352916377096673,0.018135253656069418,0.2030153676240313,0.000298594670132938,0.2023476447584189,0.02560554310956281,0.005134195634760687,1.5283154924055573,1.7617014705784326,1.5101802387494878,0.6858182007818194
Portugal,0.17827405100099344,0.17620764697143604,0.002082153052676345,0.006268563904505879,0.0,0.05740386510062166,0.0204660968190525,0.0015156620311726138,0.01530483208120328,0.007359650278398224,0.0003166389413556536,0.4407023768492858,0.46519916018141555,0.38329851174866414,0.19278100913690724,0.21763152143588974,0.0021073614553172105,0.005689728013718534,0.0,0.04903992793929941,0.021348378160952298,0.001827886324203832,0.0179969399805093,0.0028860803578597202,0.0002559035366344947,0.4885979261420844,0.5115647363412918,0.439557998202785,0.4792323089739176
Puerto Rico,0.020348889196513207,0.035430162116573266,0.0012334059560290581,3.933158057439647e-06,0.0,0.00035718826614225963,0.000901716180442355,0.0,0.03178558917758526,7.294743225455529e-05,5.749518813468293e-05,0.058275294873757585,0.09019132667173209,0.05791810660761532,0.015905806391498033,0.027694155371496446,0.0009640976541402731,3.0743717735469907e-06,0.0,0.00027919791354248256,0.0007048307574771599,0.0,0.024845357533569794,5.701970869233938e-05,4.494138830289188e-05,0.04555116245992794,0.07049848109049298,0.04527196454638546,0.1658899729691368
Qatar,0.0038992591739859758,0.01747388752922492,0.12103244528411329,0.0,0.0,0.0,0.006953467244716995,2.8617935629657035e-07,0.00019337043393401288,0.00021228952430237834,0.0004666985699528988,0.14935905923204118,0.1502317039395868,0.14935905923204118,0.003495712651752247,0.015757092739818,0.11977852775495616,0.0,0.0,0.0,0.00612185764548242,2.7224066925097443e-07,0.00018993900029449674,0.00016621907420882322,0.00035327010296892786,0.14515319079200883,0.14586289121015034,0.14515319079200883,0.2311688766140399
Romania,0.3296067234966545,0.2184702264533451,0.09810396919600041,0.0,0.2184804560175086,0.09335461811217623,0.04431159607236655,0.0024232697818595147,0.05027856635102357,0.018422816316084396,0.08655693996251439,1.0023275893480514,1.1600091817595335,0.9089729712358752,0.34134318454177887,0.22067421942033438,0.10382660133489005,0.0,0.08384751242534062,0.07497864704826493,0.04435024722041335,0.00206105436629167,0.0388954140299492,0.017478682405495886,0.1076447641111335,0.8690204119910223,1.0351003269038925,0.7940417649427574,0.7666748998237746
Russia,1.9049249621154414,3.980415125785749,3.868359560280649,0.023318734266792453,2.470870574713839,2.7912479047637198,0.280738064803661,0.4556499470931088,9.045433970550087,0.5876543126547211,0.19269726041223068,15.319874926729852,25.60131041744,12.528627021966132,1.052230728264337,2.9000728943180896,3.6489753738197863,0.02204632969806866,1.8363222509140573,0.8642200696129939,0.23142895507928996,0.47933512657944927,9.136668287795088,0.5232666672691335,0.17997648200824698,10.555296601706623,20.874543165358542,9.691076532093629,0.9141992429994474
Rwanda,0.16660405328949282,0.03241926072897287,0.00012295861615166384,0.0042239629062852824,0.0,0.0,0.03272479818268994,0.0005645992771298024,0.06271518564536183,0.004216284475408588,0.0006205573384677589,0.23609503372359258,0.3042116604599605,0.23609503372359258,0.2709838013335153,0.04905539133306901,0.00018758316689003113,0.009543400781115768,0.0,0.0,0.05446842542615993,0.0010193923520635598,0.09995491999227271,0.007122371006741138,0.000861681406051207,0.38423860204075005,0.4931969667978786,0.38423860204075005,0.1603072319718496
South Sudan,0.5592438099153381,0.1861946992332324,0.023632177495383683,0.0,0.0,0.0,0.01560392209304357,0.3213743954321218,1.5665092563237502,0.12955552214855087,0.00012049470218506243,0.7846746087369978,2.8022342773436053,0.7846746087369978,1.4036735034480405,0.38611405034068025,0.13156506024280543,0.0,0.0,0.0,0.03776546699199386,0.758874692697204,4.041079654554478,0.3191451716063348,0.00027849366022597756,1.9591180810235198,7.078496093541763,1.9591180810235198,0.5715753111312384
Saudi Arabia,0.08163641297171445,1.1266593565310117,0.39485427686798796,0.0,0.0,0.0,0.061981608353890855,0.00017247560195845894,0.00236727134518374,0.020937346920076948,0.002851232382203264,1.665131654724605,1.6914599809740272,1.665131654724605,0.24431879827761802,1.7199233149125819,0.8436392372247081,0.0,0.0,0.0,0.0987570266655641,0.0003649079383096375,0.0028201271877334477,0.023762738293049555,0.0032704142673506903,2.906638377080472,2.936856564766915,2.906638377080472,0.7717290596687565
Senegal,0.23689732004459357,0.03816364639698709,0.00021261974509779056,0.0,0.0,0.0,0.016552050692195452,0.05221888838428476,0.13935016250253815,0.03729019588711073,0.00022413668990338553,0.2918256368788739,0.5209090203427109,0.2918256368788739,0.19732155484401664,0.038339355061004395,0.00020507312189895773,0.0,0.0,0.0,0.015280010827254834,0.03212133626592147,0.10249275757050132,0.02589207007352593,0.00011100585616486182,0.25114599385417485,0.4117631636202884,0.25114599385417485,0.1495578334217138
Republic of Serbia,0.16114567334001687,0.11570505416683244,0.013010863617817938,0.0,0.054741295693113874,0.046948140393063706,0.024036601071397427,0.0017788747852074262,0.006205139776380779,0.005137352126337965,0.0016034915770122195,0.41558762828224227,0.4303124865471807,0.36863948788917855,0.16583176659631751,0.09308946359187266,0.0149946499858032,0.0,0.018236386226312108,0.021729025291563876,0.01661518973537716,0.0018398288705250164,0.0070746623769834755,0.003952670947309141,0.0009971318091465515,0.3304964814272466,0.3443607754312108,0.3087674561356827,0.562035213146132
Sierra Leone,0.0391708309903782,0.04715643072842534,0.0,0.0023428115914169087,0.0,0.0027512633005208204,0.03337294195795461,0.03185999195038389,0.12444163391172115,0.012332956725486142,0.0,0.12479427856869588,0.293428861156287,0.12204301526817506,0.03121419818646246,0.04777560347795929,0.0,0.002177406477944026,0.0,0.002907046706329748,0.0305121726795932,0.026458158619465304,0.11831256159406711,0.008477598604388735,0.0,0.11458642752828871,0.26783474634620985,0.11167938082195897,0.0870799322320238
Slovakia,0.040991985825739395,0.06247195320392291,0.01036793467603997,0.0,0.0071418814278627184,0.006080533184861661,0.01355562770950125,6.241994594541281e-05,0.0030539212485224143,0.0032784865500396494,0.004735302389353515,0.1406099160279279,0.1517400461617889,0.13452938284306626,0.06292661327127287,0.09343451316721038,0.016603970166618697,0.0,0.00885104321344579,0.010120682524582583,0.023131545203971492,9.661787426718618e-05,0.004463124566415599,0.005758926083499312,0.008812695401532426,0.21506836754710182,0.23419973147281634,0.20494768502251923,
Slovenia,0.04702194453474508,0.013300871861964127,0.0013899067213847642,0.0,0.008656657361678966,0.002110680101742416,0.00619437858748202,4.930315717246758e-05,0.006090837708224476,0.00103210445163636,0.00010006525820208868,0.07867443916899737,0.08594674974423278,0.07656375906725496,0.028879896593330734,0.007715920608941412,0.0008180522795038455,0.0,0.005896961587094927,0.0014378066455210388,0.003588693058836956,3.1788998689736426e-05,0.003040254083693853,0.0005926950053722602,6.816499246378927e-05,0.04833733077322891,0.052070233853448555,0.04689952412770787,0.2093466480369086
Somalia,0.5332470759845672,0.12057865728721996,0.0019318691429288668,0.0,0.0,0.0,0.06871897318273393,0.0002514217001993827,0.031304350647808545,0.09428534095711062,0.0001307062218295054,0.7244765755974499,0.8504483951243981,0.7244765755974499,0.22302254212676037,0.046656027478793376,0.0015122479769311724,0.0,0.0,0.0,0.04692647941826117,0.000296730685434852,0.035283993526710404,0.05413676916017468,9.036094514263825e-05,0.3181172970007461,0.40792515131820867,0.3181172970007461,0.7486095844052736
Somaliland,0.1295080116289686,0.004921082524773896,0.0006160150163598479,0.0,0.0,0.0,0.0203274836101527,8.360674953249386e-06,0.002713687642891824,0.022954754558765892,0.00017432197626425654,0.15537259278025506,0.18122371763313028,0.15537259278025506,0.17950294262984273,0.006013305868748174,0.0011220614314683235,0.0,0.0,0.0,0.02639465337987599,3.2466681163967066e-05,0.002862254776390642,0.027876687112251924,0.00016475630084151685,0.2130329633099352,0.24396912818058325,0.2130329633099352,0.0892349434151963
South Africa,1.2247579583598271,0.9744476462055579,0.0670786695800149,0.0,0.07005927133265977,0.03421188966132291,0.1648097531318267,0.06909183570971883,0.1295012950849063,0.14623031344295018,0.0,2.535365188271209,2.8801886325087844,2.501153298609886,1.3297656754360732,0.9188187108400463,0.054754131509147895,0.0,0.19447465898875377,0.04015758709025056,0.18844006848964426,0.08344635680221565,0.15880692490605397,0.23070858132315974,0.0,2.726410832353916,3.1993726953853456,2.6862532452636656,0.8844891448503545
South Korea,0.2789321214042088,0.4166003513777433,0.20192426529804708,0.299283785568034,0.014354516308345059,0.02577662255297348,0.059559053262250215,0.0037055711120808576,0.17208100667384407,0.009637145742772628,0.0002881626468660955,1.296430715771602,1.4821426019471655,1.2706540932186285,0.29685901625179406,0.9424357304745725,0.6289880066053041,0.5256252213476534,0.03940883937841369,0.0479312929560525,0.13009393530970884,0.009860214431589787,0.46468056831421123,0.00956277465870439,5.2423758067130915e-05,2.611342042323499,3.0954980234860714,2.5634107493674465,0.8221246512575016
Spain,0.9181507701265988,0.4584966944867227,0.007062262258069295,0.01643449432274567,0.0006111979792806058,0.14465577348697337,0.06243815818001757,0.004337415721804132,0.039062411975533756,0.04480414930060155,0.003143110839063775,1.6078493508404081,1.6991964386774114,1.4631935773534348,1.7286844252252653,0.8624709743805172,0.01487619059464165,0.02499914376615463,0.0005930925665382025,0.28548808389089037,0.10686070626893088,0.006482573103750564,0.08751672660542324,0.09024221584283364,0.006495919056269435,3.0239726166929386,3.214710051301216,2.7384845328020484,0.6660689609484014
Sri Lanka,0.0668198927139857,0.09818416973467214,0.00010072174015437725,0.0,0.0,0.0,0.030242146320102917,0.0017180005496188553,0.11202014739271685,0.011150443593316753,8.979335757999102e-07,0.19534693050891513,0.3202364199781434,0.19534693050891513,0.19203546468275434,0.2562451530226879,0.0002901588906316563,0.0,0.0,0.0,0.08191574954766234,0.00490975572614814,0.32270730873043574,0.00948224091876686,0.0,0.5304865261437363,0.867585831519087,0.5304865261437363,0.2824913263320916
Sudan,2.0064350780590066,0.07700489821448576,0.04215344002230624,0.0,0.0,0.3264498910927764,0.06543119337774916,0.05089279466306466,0.632570952302253,0.16390032628715584,0.00019420601288845253,2.517474500766324,3.365032780031686,2.1910246096735477,3.652742113408799,0.13686328357269362,0.025378430357541195,0.0,0.0,0.6093018667710643,0.10285404759049063,0.2287006519283685,1.3318489866882668,0.34402674141741924,0.000198728529853395,4.527139741700589,6.431914850264497,3.9178378749295244,0.6297090761633437
Suriname,0.002701200327108474,0.003954190270048993,0.010024349055976241,0.011450156216216803,0.0,0.07258527835304882,0.0007044426602881991,0.006794796164544463,0.3719088090822589,0.025051567130764847,1.5761260565990375e-05,0.10141961688268752,0.5051905505208217,0.02883433852963871,0.003547217334282458,0.004783286919303378,0.01199761557022386,0.024774557625883594,0.0,0.06656054202065148,0.0010040861973581669,0.011099290182731748,0.5839427141244743,0.02267328378502615,2.303676833332134e-05,0.11266730566770294,0.7304056305282686,0.046106763647051456,0.1166188682958675
Sweden,0.12467344194400282,0.02468677019460121,0.0014423880769238683,0.0,0.0,0.36344492082780977,0.04427269991891855,0.00023680124699087494,0.6259550392131239,0.011900457543614443,0.000990825341542289,0.5585202209622563,1.1976033443075276,0.19507530013444646,0.2207987758093545,0.034607670226116286,0.001802031243527251,0.0,0.0,0.12421791336348112,0.051568237525869004,0.00022342506354786244,0.6031759884141694,0.02322311233788796,0.001540357133204804,0.4329946281683482,1.0611575111171583,0.308776714804867,0.6162566726093319
Switzerland,0.15176809571167896,0.01923013177972139,0.007464831849168812,0.0,0.0,0.00950930541916011,0.01808445803009033,4.937552066898059e-05,0.017015280137469994,0.0031973446651709114,0.003606342398306567,0.20605682278981963,0.22992516551143607,0.1965475173706595,0.2233130854152714,0.02612752128890994,0.010788998291298821,0.0,0.0,0.01458975032326602,0.024793885844059647,6.190958601045223e-05,0.025150732062180305,0.0044181756626179335,0.004925967076437333,0.29961324116280585,0.3341700255500519,0.2850234908395398,0.7508347593592104
Syria,0.14003007441193324,0.11719519592583288,0.03135662919507281,0.0,0.0,0.05524268912757075,0.004118914703897466,0.0011812533846984716,0.006210173572050086,0.010081675638277176,0.002829481202121861,0.3479435033643071,0.3682460871614547,0.2927008142367364,0.7360771760210559,0.31954019327646865,0.20036995495882312,0.0,0.0,0.13810789175000637,0.018871783644890363,0.003744354175164433,0.043134056086656304,0.05487933391328131,0.012357843043583026,1.4129669996512446,1.5270825868699298,1.2748591079012381,0.2967053816055296
Taiwan,0.044371085507124826,0.4755390967510572,0.032514873075396585,0.0,0.0,0.0,0.02804858014464193,0.0012712825725634458,0.029656953007836034,0.00792978992427059,0.0077984828508823965,0.5804736354782206,0.6271301438337731,0.5804736354782206,0.03179554471655486,0.4019300520123326,0.028307920746618975,0.0,0.0,0.0,0.02326214762203287,0.001148324577105002,0.02773826713134968,0.0015950415548066567,0.004529752780689759,0.48529566509753935,0.5203070511414905,0.48529566509753935,0.7531644440757318
Tajikistan,0.13299352604554615,0.02599687282285757,0.023220173549329454,0.0,0.010445106294634228,0.05725383579233509,0.00524142991884663,3.592781566415627e-05,0.00028247371979876274,0.008358593513150672,0.00046918660729072245,0.25515094442354913,0.26429712607945344,0.197897108631214,0.057866114238975655,0.015118712521632409,0.017605972377401663,0.0,0.0035495663394861285,0.03590598858078364,0.002424489209697132,1.7886413340120816e-05,0.00012049865443899317,0.005115721781363376,0.00031187161197688927,0.13247084326797662,0.138036821729096,0.09656485468719299,0.6067669402979378
United Republic of Tanzania,2.571018586333947,1.1798847526010865,0.002317735347956554,1.759902325548518,0.004889091451196386,0.046524301391795406,0.20612761935882196,0.17563326461736248,1.5373778420640756,0.1342102970492028,0.0036180459529924314,5.770664412033323,7.621503861716956,5.724140110641526,3.7825432645582473,1.3945538518878184,0.002889850171499034,1.1306399654634514,0.0305696200420974,0.14451414511676536,0.2946985086056195,0.32487773848236967,1.7489928357734725,0.19742021652234584,0.005116860263412597,6.7804092058454986,9.056816856887098,6.635895060728733,0.7963559227302118
Thailand,0.3394807558648003,0.5185950415675433,0.43207898526682303,1.3238182115849846,0.023286134863839666,0.1700617781696884,0.1618149045884939,0.07601740586184698,1.5992500803033205,0.070459475082599,0.001690909246156711,2.9691358119061735,4.716553682400096,2.7990740337364852,0.33472674445883716,0.5830362722979354,0.5832813599595317,2.8743580847362304,0.04588731365174462,0.1977007064710814,0.2717728159849014,0.10770268724265435,2.7424705697293748,0.10853809666445079,0.003482294422861935,4.890763297560262,7.852956945619605,4.693062591089181,0.706393392014786
Togo,0.09103992543128228,0.011342497473021277,0.0001399480931857992,0.0052827669741176584,0.0,0.015931390833840958,0.022484651089556478,0.01062581967826903,0.041849942071562195,0.010595956539289625,0.0,0.14622117989500444,0.2092928981841253,0.13028978906116348,0.06519600477152458,0.008767068076761381,0.00010561669440439777,0.003949651625423146,0.0,0.011897205934888494,0.016804593708603724,0.007872997779159847,0.02758795287174764,0.007025055379474469,0.0,0.10672014081160572,0.14920614684198769,0.09482293487671722,0.1056541000318334
Trinidad and Tobago,0.0034973174583550998,0.026051665965735903,0.09020915466434469,0.0,0.0,0.0,0.012237458212795219,0.0003916283313454363,0.0,0.0033917068618430986,0.0028103552302633883,0.13199559630123092,0.13858928672468282,0.13199559630123092,0.002212223480966117,0.016381270110682425,0.058422605759349246,0.0,0.0,0.0,0.007633223640456247,0.00024210242787468315,0.0,0.001148959624045046,0.0018813739493593322,0.08464932299145404,0.0879217589927331,0.08464932299145404,0.0963982116550422
Tunisia,0.10883255907562832,0.1441351025587742,0.028570487351646065,0.0,0.0,0.0056900712297152005,0.014427290233294816,0.00019766014768226922,0.007746637844908329,0.006956768643456457,0.0021681584634331624,0.30165551044905864,0.3187247355485388,0.29596543921934343,0.15362683638616365,0.2399377974398795,0.09318468942867253,0.0,0.0,0.010697708629211183,0.02103855738100148,0.0006523200735136548,0.012415134073138346,0.011049141465019917,0.0030736591253251247,0.5184855892649283,0.5456758440019253,0.5077878806357171,0.0769470001189602
Turkey,1.5556162531832793,0.5660500171401949,0.11493272182731236,0.010682407628256134,0.22229844343790114,0.25294335909057186,0.2555766536747813,0.0065978937784228475,0.12898217887891547,0.056098676941874405,0.02101545978864972,2.978099855982297,3.1907940653701594,2.725156496891725,1.300845524408713,0.6572190473151843,0.1515853266054769,0.011147679134806472,0.19434925992072452,0.28705564374588954,0.3197554570426462,0.008920135380346242,0.15697154206976763,0.05951183230274172,0.017294418913005632,2.9219579381734406,3.1646558668393023,2.634902294427551,0.7325460414303122
Turkmenistan,0.34273195316193733,0.0191239353015819,1.3257439154043233,0.0010773730103961722,0.0,0.019774982732154844,0.0073259839555868695,0.00016413591444161058,0.0043862557936270846,0.024606526153245954,0.021164697058763667,1.7157781435659805,1.7660997584860587,1.6960031608338255,1.7668534700579546,0.14604942527179612,5.0929804024284255,0.0024136687883225282,0.0,0.026830623134452527,0.11802233910845926,0.0008044220111062523,0.02296755996350047,0.09605293025164145,0.03817144723684085,7.153149928789411,7.3111462882525,7.126319305654958,0.7141256792723073
Uganda,0.6232327200220765,0.3158068488686759,0.009592870926409643,0.016142596595883355,0.0,0.0,0.10778500056200169,0.05563919111632028,0.708272037154995,0.04705315102117757,0.0015364365224851623,1.0725600369750472,1.8850608527900254,1.0725600369750472,1.1631712720801555,0.3424761860101373,0.01627931299043153,0.036208570231397876,0.0,0.0,0.17515743228518563,0.06560459885192231,0.9541746583127482,0.07580244413411334,0.0020575290807949625,1.7332927735973078,2.8309320039768866,1.7332927735973078,0.4220761623682141
Ukraine,0.3221848044833357,0.4623421225603309,1.476078909629617,0.0,0.41278117175031576,0.37756212327487293,0.06280232359307457,0.02209485930529449,0.21779205911438562,0.053809637363584906,0.02573043333340327,3.1137514552915464,3.4331784444082145,2.7361893320166737,0.47782430171683593,0.44216033003116395,1.6402401368536887,0.0,0.22055838630564076,0.18577133655517106,0.07229191699654411,0.021277189238101957,0.25289819517220774,0.06554534201167503,0.014917044484069617,3.0388464084590447,3.3934841793650996,2.8530750719038735,0.7488198701880064
United Arab Emirates,0.03997044160464718,0.4694549351974765,1.4271153824150462,0.0,0.0,0.0,0.016004573946978642,9.679982155392556e-06,0.0004173184256306515,0.00440646291360036,0.0005316047340383996,1.9525453331641487,1.9579103992195734,1.9525453331641487,0.025601432735570914,0.26168418527410436,0.4201459674081913,0.0,0.0,0.0,0.009487909146612862,5.6877508196068775e-06,0.00027210081538777325,0.0026849142861807883,0.00032843225377677073,0.7169194945644795,0.7202106296706444,0.7169194945644795,0.9165907046087765
United Kingdom,0.9947390454525876,0.6113235202763221,0.1679270795159527,0.0,0.018992439245376788,0.00930229852032491,0.07593599869537024,0.0002544202336820084,0.28670797405175275,0.030746147973483642,0.0477302372530635,1.8782203817059342,2.2436591612179164,1.8689180831856094,0.6881127453083212,0.4346064368700131,0.13849564594673403,0.0,0.008442053271497186,0.004811924966971653,0.054014635913848155,0.00016753605669142483,0.15690234478199563,0.01592401565273162,0.02795364645211731,1.3284834422773855,1.5294309852209216,1.3236715173104139,0.5096675005219116
United States of America,9.140943889880518,5.137798188875889,8.507771870906543,0.5938959660418033,1.864176583944616,1.9949851116981658,0.6936066350695403,0.039242236171928735,11.112741974045681,0.6424703476475517,0.32720989973347475,27.933178246417075,40.05484270401571,25.938193134718908,11.83553690653392,5.81983038687978,13.204523190778945,0.44009143463826883,2.06029459686508,1.7649190319653836,0.8171041346487816,0.03229500382169763,9.347078308081475,0.6860361921389732,0.32061141529528703,35.94229968231016,46.32832060164759,34.17738065034477,0.8741105549800808
Uruguay,0.688674264195918,0.05377808419902719,0.00024518018635240503,0.014113508616839524,0.0,0.18180724484433583,0.0103233813761291,0.0006496263895582847,0.08225371318615984,0.01895915203252565,0.0,0.9489416634186022,1.0508041550268459,0.7671344185742663,0.9004648174809977,0.05292437313996216,0.0002491040478132894,0.022619935560052845,0.0,0.12927285976863573,0.011347938172344071,0.0008582840897098683,0.1104638321244688,0.020712424156438106,0.0,1.1168790281698058,1.2489135685404225,0.98760616840117,0.4236060219315243
Uzbekistan,0.6136222289658926,0.3348922370868946,1.785695506468162,0.0,0.005216916216837822,0.004719092121463161,0.027218524329578605,0.0005881147800009751,0.0056231507309166566,0.01876455777623589,0.001295255078201947,2.7713645051888283,2.7976355835541837,2.7666454130673652,0.7707436590738179,0.4067790031620274,2.2708277106054364,0.0,0.002047450517385677,0.0015548403064033897,0.03204445165763208,0.0006858713888592864,0.007699668342335616,0.020989296504618993,0.0016426088889200236,3.483997115322703,3.5150145604474368,3.4824422750162998,0.838200154973394
Venezuela,0.7902854500618752,0.29091102336159236,0.7739570988006607,0.029073648069767713,0.0003595735284187034,0.6719643869400902,0.02139361992285438,0.12068034323370376,1.2092358164298591,0.1482177981583557,0.026782896193773754,2.577944800685259,4.082861654700952,1.905980413745169,2.7356277795287585,1.5557769927329668,3.697706198078895,0.07444760417166596,0.0003398968651985746,0.7765948570436827,0.1357619921036659,0.4093141043570415,2.4929327754084527,0.6441783103787985,0.1623447415252705,8.976255320524833,12.685025252194396,8.19966046348115,0.525217665389864
Vietnam,0.49846061315250617,0.7483539590065794,0.4528370062273939,1.7998462952177168,0.1028362341167476,0.25930332233753,0.1604045238119152,0.04423772163947818,1.3871947035681975,0.05098976544608946,0.002246504393446579,4.022041953870389,5.5067106489176,3.762738631532859,0.5747238280679446,0.8915575674830044,0.36600532505149475,1.8587139935855594,0.07588659084959988,0.39419790670697047,0.22010546578919016,0.07650640088188616,1.4999993078942717,0.04657513494498094,0.0030366164936749423,4.381190677533764,6.007308137748578,3.9869927708267934,0.755853207419988
Yemen,0.20750709030889813,0.11104009383474664,0.023123278518878233,0.0,0.0,0.0,0.002493659560326909,1.9418986089357988e-05,0.0021478706031129867,0.012785453326392655,0.0025748409312695304,0.34416412222285,0.3616917060697145,0.34416412222285,0.5753479301806593,0.4799047035848779,0.07380314811429502,0.0,0.0,0.0,0.00564042520350521,4.1953894554070416e-05,0.002978045098028226,0.028772485126123754,0.010650142694620597,1.1346962070833375,1.177138833896664,1.1346962070833375,0.1921908597500863
Zambia,0.5291386776634304,0.007384606794191026,2.3871288555018667e-05,0.00047067376748142315,0.0006838323559351717,0.07558799894102101,0.06821264911048117,0.5116011767535881,1.163256483418588,0.11789071921702382,8.989986120079325e-06,0.6815023099210952,2.4742596792964147,0.6059143109800742,1.3899885302922421,0.015935870165869268,4.7622120043993815e-05,0.0009697623059954642,0.000828344828737857,0.2764669134055843,0.1846665875672563,0.9191145773059625,1.5891699107753339,0.24776640023213461,1.1841665054356423e-05,1.8689036306857294,4.6249663606642155,1.5924367172801448,0.4191120509617688
Zimbabwe,0.3768066951599697,0.025984267962793427,0.0005016119472251156,0.0,0.005601839207823076,0.3740276205737672,0.09700668063388929,0.03462426159217133,0.08813793608865608,0.06309510590786772,0.0,0.8799287154854677,1.0657860190741628,0.5059010949117005,0.7987839078384541,0.03674735439080787,0.002069778932141732,0.0,0.019687811645887836,0.14824275339827017,0.18629574919833441,0.045738386088586123,0.14105313484721765,0.11885257823876771,0.0,1.191827355403896,1.4974714545784675,1.043584602005626,0.9082080029919064
eSwatini,0.04223343819593118,0.08823734988711134,0.00032583752303411205,0.0,0.003107583765034847,0.00014552206030816233,0.0050803689050954864,0.0017965435192155246,0.0013987874111116732,0.0030063048719594166,0.0,0.13913010033651513,0.14533173613880174,0.13898457827620697,0.03746195802827336,0.06570594577326465,0.0002740313094463952,0.0,0.002758637098202569,9.546142516672519e-05,0.004292869942599241,0.001684040279141025,0.0011823999205688494,0.002660290058510208,0.0,0.11058890357695293,0.11611563383517301,0.1104934421517862,0.5365268918896425
